metric,value
pearson_correlation,-0.3438560395511186
r_squared,0.11823697593578056
p_value,1.9501732243884367e-45
slope,-0.0027380397696580507
