metric,value
cape_today,33.06999969482422
historical_avg_cape,16.49612278160741
predicted_10y_return,0.0042284511682947334
